name,datetime,block_ix,trial_ix,sound_x,sound_y,reversed,category,similarity,notes,repeat,response_time,workerId,assignmentId,hitId
name,datetime,block_ix,trial_ix,sound_x,sound_y,reversed,category,similarity,notes,repeat,response_time,workerId,assignmentId,hitId
name,datetime,block_ix,trial_ix,sound_x,sound_y,reversed,category,similarity,notes,repeat,response_time,workerId,assignmentId,hitId
name,datetime,block_ix,trial_ix,sound_x,sound_y,reversed,category,similarity,notes,repeat,response_time,workerId,assignmentId,hitId
name,datetime,block_ix,trial_ix,sound_x,sound_y,reversed,category,similarity,notes,repeat,response_time,workerId,assignmentId,hitId
name,datetime,block_ix,trial_ix,sound_x,sound_y,reversed,category,similarity,notes,repeat,response_time,workerId,assignmentId,hitId
name,datetime,block_ix,trial_ix,sound_x,sound_y,reversed,category,similarity,notes,repeat,response_time,workerId,assignmentId,hitId
name,datetime,block_ix,trial_ix,sound_x,sound_y,reversed,category,similarity,notes,repeat,response_time,workerId,assignmentId,hitId
name,datetime,block_ix,trial_ix,sound_x,sound_y,reversed,category,similarity,notes,repeat,response_time,workerId,assignmentId,hitId
name,datetime,block_ix,trial_ix,sound_x,sound_y,reversed,category,similarity,notes,repeat,response_time,workerId,assignmentId,hitId
name,datetime,block_ix,trial_ix,sound_x,sound_y,reversed,category,similarity,notes,repeat,response_time,workerId,assignmentId,hitId
name,datetime,block_ix,trial_ix,sound_x,sound_y,reversed,category,similarity,notes,repeat,response_time,workerId,assignmentId,hitId
name,datetime,block_ix,trial_ix,sound_x,sound_y,reversed,category,similarity,notes,repeat,response_time,workerId,assignmentId,hitId
name,datetime,block_ix,trial_ix,sound_x,sound_y,reversed,category,similarity,notes,repeat,response_time,workerId,assignmentId,hitId
name,datetime,block_ix,trial_ix,sound_x,sound_y,reversed,category,similarity,notes,repeat,response_time,workerId,assignmentId,hitId
name,datetime,block_ix,trial_ix,sound_x,sound_y,reversed,category,similarity,notes,repeat,response_time,workerId,assignmentId,hitId
